{"cameraMode":{"drawMode":2,"name":"Shaded Wireframe","section":"Shading Mode"},"sceneLighting":true,"audioPlay":false,"sceneViewState":{"showFog":true,"showMaterialUpdate":false,"showSkybox":true,"showFlares":true,"showImageEffects":true,"showParticleSystems":true,"showVisualEffectGraphs":true,"m_FxEnabled":true},"in2DMode":false,"pivot":{"x":367.24078369140627,"y":79.47667694091797,"z":124.24668884277344},"rotation":{"x":0.006151543464511633,"y":-0.061313219368457797,"z":-0.0009237980120815337,"w":-0.9981864094734192},"size":288.0674133300781,"orthographic":false}